Time [s],Raw altitude [km],Raw speed [m/s],Smoothed altitude [km],Smoothed speed [m/s],Downrange distance [km],Horizontal speed [m/s],Vertical speed [m/s],Total acceleration [m/s^2],Horizontal acceleration [m/s^2],Vertical acceleration [m/s^2],Mach number,Dynamic pressure [kPa],Specific orbital energy [MJ/kg],Perigee altitude [km]
0,0,0,0.0,-0.0,0.0,0.0,24.1,3.8,1.2,3.7,-0.0,0.0,-62.5,-6361.0
1,0,0,0.0,0.3,0.0,0.0,25.8,3.8,1.2,3.7,0.0,0.0,-62.5,-6361.0
2,0,1,0.0,1.1,0.0,0.0,27.8,3.8,1.2,3.7,0.0,0.0,-62.5,-6361.0
3,0,2,0.0,3.6,0.0,0.0,29.9,3.8,1.2,3.7,0.0,0.0,-62.5,-6361.0
4,0,8,0.0,7.2,0.0,0.0,32.2,3.8,1.2,3.7,0.0,0.0,-62.5,-6361.0
5,0,11,0.0,11.9,0.0,0.0,34.6,3.8,1.2,3.7,0.0,0.1,-62.5,-6361.0
6,0,16,0.0,16.2,0.0,0.0,37.2,3.8,1.2,3.7,0.0,0.2,-62.5,-6361.0
7,0,21,0.0,21.1,0.0,0.0,40.0,3.8,1.2,3.7,0.1,0.3,-62.5,-6361.0
8,0,26,0.0,25.9,0.0,0.0,42.9,3.8,1.2,3.7,0.1,0.4,-62.5,-6361.0
9,0,31,0.0,31.0,0.0,0.0,46.1,3.8,1.2,3.7,0.1,0.6,-62.5,-6361.0
10,0,36,0.0,36.1,0.0,0.0,49.5,3.8,1.2,3.7,0.1,0.8,-62.5,-6361.0
11,0,41,0.0,41.3,0.0,0.0,53.1,3.8,1.2,3.7,0.1,1.0,-62.5,-6361.0
12,0,46,0.0,46.5,0.0,0.0,56.9,3.8,1.2,3.7,0.1,1.3,-62.5,-6361.0
13,0,52,0.1,51.7,0.0,0.0,60.9,3.8,1.2,3.7,0.2,1.6,-62.5,-6361.0
14,0,57,0.1,57.0,0.0,0.0,65.1,3.9,1.2,3.7,0.2,2.0,-62.5,-6361.0
15,0,62,0.2,62.3,0.0,0.0,69.5,3.9,1.2,3.7,0.2,2.3,-62.5,-6361.0
16,0,68,0.2,67.3,0.0,0.0,72.4,4.0,1.2,3.8,0.2,2.7,-62.5,-6361.0
17,0,72,0.3,72.1,0.0,0.0,75.6,4.1,1.2,3.9,0.2,3.1,-62.5,-6361.0
18,0,77,0.3,77.0,0.0,0.0,78.9,4.2,1.3,4.0,0.2,3.5,-62.5,-6361.0
19,0,82,0.4,82.0,0.0,0.0,82.4,4.3,1.4,4.1,0.2,4.0,-62.5,-6361.0
20,0,87,0.4,86.8,0.0,10.3,86.1,4.5,1.6,4.2,0.3,4.4,-62.5,-6360.5
21,0,91,0.5,91.3,0.0,14.9,90.1,4.6,1.7,4.3,0.3,4.9,-62.5,-6360.4
22,1,96,0.6,95.6,0.0,16.6,94.2,4.8,1.8,4.4,0.3,5.3,-62.4,-6360.2
23,1,100,0.7,100.3,0.1,18.8,98.5,4.9,2.0,4.5,0.3,5.7,-62.4,-6360.2
24,1,105,0.8,105.1,0.1,21.0,103.0,5.0,2.1,4.6,0.3,6.3,-62.4,-6360.1
25,1,110,0.9,110.3,0.1,24.1,107.6,5.1,2.2,4.6,0.3,6.8,-62.4,-6359.9
26,1,116,1.0,115.6,0.1,27.0,112.5,5.2,2.3,4.7,0.3,7.4,-62.4,-6359.8
27,1,121,1.1,121.1,0.2,29.3,117.5,5.3,2.3,4.7,0.4,8.0,-62.4,-6359.7
28,1,127,1.3,126.7,0.2,31.3,122.7,5.4,2.4,4.8,0.4,8.7,-62.4,-6359.6
29,1,132,1.4,132.3,0.2,33.1,128.1,5.4,2.5,4.8,0.4,9.3,-62.4,-6359.5
30,1,138,1.6,138.1,0.3,34.6,133.7,5.5,2.6,4.9,0.4,10.0,-62.4,-6359.4
31,2,144,1.7,143.6,0.3,35.2,139.2,5.6,2.7,4.9,0.4,10.7,-62.4,-6359.3
32,2,149,1.9,149.3,0.3,36.5,144.7,5.7,2.7,5.0,0.4,11.3,-62.4,-6359.4
33,2,155,2.0,155.0,0.4,38.4,150.2,5.7,2.8,5.0,0.5,12.0,-62.4,-6359.2
34,2,161,2.2,161.2,0.4,42.0,155.6,5.7,2.7,5.1,0.5,12.8,-62.4,-6359.0
35,2,168,2.3,167.4,0.5,45.4,161.1,5.8,2.7,5.1,0.5,13.6,-62.4,-6358.8
36,2,174,2.5,173.9,0.5,49.6,166.7,5.8,2.6,5.1,0.5,14.5,-62.4,-6358.7
37,3,181,2.7,180.6,0.6,54.6,172.2,5.8,2.5,5.2,0.5,15.4,-62.4,-6358.4
38,3,188,2.9,187.5,0.6,59.8,177.7,5.7,2.4,5.2,0.6,16.2,-62.4,-6358.1
39,3,194,3.0,193.7,0.7,63.1,183.2,5.7,2.3,5.2,0.6,17.0,-62.4,-6357.9
40,3,199,3.2,199.7,0.8,65.8,188.6,5.7,2.2,5.2,0.6,17.7,-62.4,-6357.9
41,3,206,3.5,205.6,0.8,68.6,193.9,5.7,2.1,5.2,0.6,18.3,-62.4,-6357.6
42,4,212,3.7,211.7,0.9,71.8,199.1,5.6,2.1,5.2,0.6,19.0,-62.4,-6357.5
43,4,217,3.9,217.5,1.0,74.5,204.4,5.6,2.0,5.2,0.7,19.7,-62.4,-6357.4
44,4,223,4.0,223.1,1.0,76.6,209.6,5.6,2.0,5.2,0.7,20.3,-62.4,-6357.2
45,4,229,4.3,228.9,1.1,79.1,214.8,5.6,2.0,5.2,0.7,20.8,-62.4,-6357.1
46,4,234,4.5,234.4,1.2,81.1,220.0,5.5,2.0,5.2,0.7,21.3,-62.4,-6357.0
47,5,240,4.8,240.1,1.3,83.6,225.1,5.5,2.0,5.2,0.7,21.8,-62.4,-6356.9
48,5,246,5.0,245.6,1.4,85.7,230.1,5.5,2.0,5.2,0.8,22.3,-62.3,-6356.7
49,5,251,5.2,250.9,1.5,87.4,235.2,5.5,2.0,5.1,0.8,22.7,-62.3,-6356.7
50,5,256,5.4,256.1,1.5,88.7,240.2,5.5,2.0,5.1,0.8,23.1,-62.3,-6356.6
51,6,261,5.7,261.7,1.6,91.2,245.3,5.5,2.0,5.1,0.8,23.4,-62.3,-6356.5
52,6,268,6.0,266.8,1.7,92.3,250.3,5.5,2.0,5.1,0.8,23.6,-62.3,-6356.3
53,6,271,6.2,271.9,1.8,93.5,255.3,5.5,2.0,5.1,0.9,23.9,-62.3,-6356.4
54,6,277,6.4,276.4,1.9,93.0,260.3,5.5,2.0,5.1,0.9,24.0,-62.3,-6356.3
55,7,281,6.7,281.0,2.0,92.8,265.3,5.5,2.1,5.1,0.9,24.1,-62.3,-6356.3
56,7,285,7.0,285.4,2.1,91.8,270.2,5.5,2.1,5.1,0.9,24.0,-62.3,-6356.4
57,7,290,7.3,289.7,2.2,90.9,275.1,5.5,2.2,5.1,0.9,24.0,-62.3,-6356.5
58,7,294,7.6,294.3,2.3,90.6,280.0,5.6,2.3,5.1,0.9,23.9,-62.3,-6356.5
59,8,299,7.9,299.1,2.4,91.2,284.8,5.6,2.4,5.1,1.0,23.9,-62.3,-6356.5
60,8,304,8.1,304.3,2.5,93.0,289.7,5.7,2.6,5.1,1.0,23.9,-62.3,-6356.4
61,8,310,8.4,309.6,2.6,95.2,294.6,5.8,2.7,5.1,1.0,24.0,-62.3,-6356.2
62,9,315,8.7,314.8,2.7,96.8,299.6,5.8,2.8,5.1,1.0,24.0,-62.3,-6356.1
63,9,320,9.0,320.1,2.8,98.4,304.6,5.9,3.0,5.1,1.1,23.9,-62.3,-6356.1
64,9,326,9.3,325.6,2.9,100.5,309.7,6.0,3.1,5.1,1.1,23.8,-62.3,-6355.9
65,10,331,9.7,331.6,3.0,104.4,314.7,6.1,3.3,5.2,1.1,23.7,-62.3,-6355.7
66,10,338,10.0,337.6,3.1,108.2,319.8,6.2,3.5,5.2,1.1,23.7,-62.3,-6355.5
67,10,344,10.3,343.6,3.2,111.9,324.9,6.4,3.7,5.2,1.2,23.6,-62.3,-6355.3
68,11,349,10.6,349.6,3.3,115.5,330.0,6.6,4.0,5.2,1.2,23.4,-62.3,-6355.1
69,11,356,11.0,356.0,3.4,120.1,335.2,6.8,4.3,5.2,1.2,23.3,-62.2,-6354.8
70,11,363,11.3,362.8,3.5,125.7,340.3,7.0,4.6,5.3,1.2,23.0,-62.2,-6354.5
71,11,370,11.6,369.6,3.7,131.3,345.5,7.2,4.9,5.3,1.3,22.6,-62.2,-6354.1
72,12,376,12.0,376.2,3.8,136.0,350.8,7.4,5.2,5.3,1.3,22.1,-62.2,-6353.8
73,12,382,12.3,383.0,4.0,141.0,356.0,7.6,5.4,5.4,1.3,21.7,-62.2,-6353.6
74,13,390,12.7,389.9,4.1,146.4,361.4,7.9,5.7,5.4,1.3,21.4,-62.2,-6353.2
75,13,397,13.0,397.4,4.3,153.1,366.7,8.1,6.0,5.4,1.3,20.9,-62.2,-6352.9
76,13,405,13.4,405.2,4.4,160.2,372.2,8.3,6.3,5.5,1.4,20.6,-62.2,-6352.4
77,14,413,13.8,413.1,4.6,167.4,377.7,8.6,6.6,5.5,1.4,20.2,-62.2,-6351.9
78,14,421,14.1,420.8,4.8,173.7,383.3,8.8,6.8,5.6,1.4,19.7,-62.2,-6351.5
79,14,428,14.5,428.5,4.9,179.9,388.9,9.0,7.1,5.6,1.5,19.3,-62.2,-6351.2
80,15,436,14.9,436.3,5.1,186.1,394.6,9.3,7.4,5.6,1.5,18.8,-62.1,-6350.7
81,15,444,15.3,444.7,5.3,193.8,400.3,9.5,7.6,5.7,1.5,18.3,-62.1,-6350.3
82,16,453,15.8,453.4,5.5,202.0,406.0,9.7,7.9,5.7,1.5,17.8,-62.1,-6349.7
83,16,462,16.1,462.1,5.7,210.0,411.7,9.9,8.1,5.7,1.6,17.4,-62.1,-6349.1
84,16,471,16.6,471.9,5.9,220.2,417.4,10.1,8.3,5.8,1.6,16.9,-62.1,-6348.7
85,17,483,17.0,481.5,6.2,229.7,423.2,10.4,8.6,5.8,1.6,16.6,-62.1,-6347.6
86,17,491,17.4,491.2,6.4,239.2,429.0,10.6,8.9,5.8,1.7,16.2,-62.1,-6347.1
87,18,500,17.8,500.0,6.7,246.7,434.9,10.8,9.1,5.8,1.7,15.7,-62.1,-6346.6
88,18,509,18.2,509.3,6.9,254.9,440.9,11.1,9.4,5.9,1.7,15.2,-62.0,-6346.0
89,19,519,18.7,519.3,7.2,264.4,446.9,11.3,9.6,5.9,1.8,14.8,-62.0,-6345.4
90,19,530,19.1,529.3,7.5,273.8,452.9,11.5,9.8,5.9,1.8,14.2,-62.0,-6344.6
91,20,539,19.6,539.7,7.7,283.9,459.0,11.7,10.0,6.0,1.8,13.8,-62.0,-6344.0
92,20,550,20.0,550.2,8.0,293.9,465.1,11.9,10.2,6.0,1.9,13.4,-62.0,-6343.1
93,20,561,20.5,561.2,8.3,304.8,471.2,12.1,10.5,6.0,1.9,12.9,-62.0,-6342.3
94,21,572,21.0,572.1,8.7,315.4,477.3,12.3,10.7,6.0,1.9,12.4,-62.0,-6341.4
95,21,583,21.5,583.1,9.0,326.1,483.4,12.5,10.9,6.0,2.0,11.8,-61.9,-6340.6
96,22,594,22.0,594.3,9.3,336.9,489.6,12.7,11.1,6.0,2.0,11.4,-61.9,-6339.7
97,22,606,22.5,605.4,9.7,347.5,495.7,12.9,11.4,6.0,2.0,10.9,-61.9,-6338.8
98,23,616,23.0,616.8,10.0,358.6,501.8,13.0,11.6,6.0,2.1,10.5,-61.9,-6338.0
99,23,628,23.5,628.4,10.4,370.1,507.9,13.2,11.8,6.0,2.1,10.0,-61.9,-6337.0
100,24,641,24.0,640.6,10.8,382.2,514.0,13.4,12.0,6.1,2.2,9.6,-61.9,-6335.9
101,24,653,24.5,653.3,11.2,395.3,520.2,13.6,12.2,6.1,2.2,9.2,-61.8,-6334.9
102,25,667,25.0,667.1,11.6,409.8,526.4,13.8,12.4,6.1,2.2,8.9,-61.8,-6333.6
103,26,682,25.6,681.1,12.0,424.5,532.6,14.0,12.6,6.0,2.3,8.5,-61.8,-6332.1
104,26,695,26.1,694.3,12.4,437.8,538.8,14.1,12.8,6.0,2.3,8.1,-61.8,-6330.9
105,27,706,26.7,705.6,12.9,448.2,545.0,14.3,13.0,6.0,2.4,7.7,-61.8,-6330.0
106,27,716,27.2,717.8,13.4,459.8,551.2,14.5,13.2,6.0,2.4,7.3,-61.7,-6329.2
107,28,731,27.8,730.9,13.8,473.0,557.2,14.6,13.4,6.0,2.4,6.9,-61.7,-6327.7
108,28,746,28.4,745.8,14.3,488.9,563.3,14.8,13.5,6.0,2.5,6.6,-61.7,-6326.2
109,29,761,29.0,759.3,14.8,502.4,569.3,14.9,13.7,5.9,2.5,6.2,-61.7,-6324.6
110,29,771,29.5,772.7,15.3,515.8,575.3,15.1,13.9,5.9,2.6,5.9,-61.7,-6323.7
111,30,786,30.1,785.3,15.9,528.0,581.3,15.2,14.0,5.9,2.6,5.6,-61.6,-6322.2
112,31,799,30.7,799.4,16.4,542.4,587.3,15.3,14.2,5.8,2.6,5.3,-61.6,-6320.9
113,31,814,31.3,813.4,17.0,556.5,593.2,15.4,14.3,5.8,2.7,5.0,-61.6,-6319.2
114,32,828,31.9,828.8,17.5,572.6,599.2,15.5,14.4,5.8,2.7,4.8,-61.6,-6317.8
115,32,845,32.5,843.7,18.1,587.9,605.1,15.6,14.6,5.7,2.8,4.5,-61.5,-6315.8
116,33,859,33.1,858.7,18.7,603.4,611.0,15.7,14.7,5.7,2.8,4.2,-61.5,-6314.3
117,34,873,33.7,873.5,19.3,618.5,616.8,15.8,14.8,5.6,2.9,3.9,-61.5,-6312.7
118,34,889,34.3,888.6,20.0,634.1,622.5,15.9,14.9,5.5,2.9,3.7,-61.5,-6310.7
119,35,904,35.0,903.4,20.6,649.3,628.2,16.0,15.0,5.5,2.9,3.5,-61.4,-6309.0
120,35,917,35.6,917.7,21.3,663.7,633.8,16.1,15.1,5.4,3.0,3.3,-61.4,-6307.5
121,36,932,36.2,932.7,22.0,679.1,639.3,16.2,15.3,5.3,3.0,3.0,-61.4,-6305.7
122,37,949,36.9,948.1,22.7,695.1,644.9,16.3,15.4,5.2,3.0,2.8,-61.3,-6303.6
123,37,964,37.5,963.6,23.4,711.1,650.3,16.4,15.5,5.1,3.1,2.7,-61.3,-6301.7
124,38,978,38.2,979.3,24.1,727.4,655.6,16.5,15.7,5.0,3.1,2.5,-61.3,-6299.9
125,39,996,38.9,995.0,24.8,743.8,660.9,16.5,15.8,4.9,3.2,2.3,-61.3,-6297.5
126,40,1011,39.6,1010.4,25.6,759.7,666.1,16.6,15.9,4.8,3.2,2.2,-61.2,-6295.6
127,40,1024,40.2,1024.5,26.4,774.0,671.2,16.6,16.0,4.7,3.2,2.0,-61.2,-6293.8
128,41,1038,40.9,1039.0,27.2,788.8,676.2,16.7,16.1,4.6,3.3,1.9,-61.2,-6292.0
129,41,1054,41.6,1053.7,28.0,804.0,681.1,16.8,16.2,4.5,3.3,1.8,-61.1,-6289.8
130,42,1069,42.3,1068.7,28.8,819.6,685.8,16.8,16.3,4.4,3.3,1.6,-61.1,-6287.8
131,43,1083,43.0,1084.3,29.6,836.1,690.4,16.9,16.4,4.2,3.4,1.5,-61.1,-6285.7
132,44,1101,43.7,1099.7,30.5,852.4,694.8,17.0,16.5,4.1,3.4,1.4,-61.1,-6283.1
133,44,1115,44.4,1115.7,31.3,869.6,699.1,17.0,16.6,4.0,3.4,1.3,-61.0,-6281.0
134,45,1131,45.1,1131.1,32.2,886.0,703.1,17.1,16.7,3.8,3.5,1.2,-61.0,-6278.5
135,46,1147,45.9,1147.2,33.1,903.4,707.1,17.2,16.8,3.7,3.5,1.2,-61.0,-6276.1
136,47,1163,46.6,1162.8,34.1,920.2,710.9,17.2,16.9,3.5,3.5,1.1,-60.9,-6273.6
137,47,1178,47.3,1178.9,35.0,937.7,714.5,17.3,17.0,3.3,3.6,1.0,-60.9,-6271.2
138,48,1195,48.0,1194.5,35.9,954.7,717.9,17.4,17.1,3.2,3.6,0.9,-60.9,-6268.4
139,49,1210,48.8,1210.5,36.9,972.1,721.2,17.5,17.2,3.0,3.7,0.9,-60.8,-6265.9
140,49,1226,49.5,1225.8,37.9,988.9,724.3,17.5,17.3,2.8,3.7,0.8,-60.8,-6263.3
141,50,1241,50.3,1240.8,38.9,1005.4,727.2,17.6,17.4,2.7,3.8,0.8,-60.8,-6260.7
142,51,1255,51.0,1256.0,39.9,1022.2,729.9,17.7,17.5,2.5,3.8,0.7,-60.7,-6258.3
143,52,1271,51.8,1271.0,41.0,1038.8,732.3,17.8,17.7,2.3,3.9,0.7,-60.7,-6255.4
144,52,1286,52.5,1286.7,42.0,1056.3,734.6,17.9,17.8,2.1,3.9,0.6,-60.7,-6252.7
145,53,1302,53.3,1302.5,43.1,1074.1,736.7,18.0,17.9,1.9,4.0,0.6,-60.6,-6249.8
146,54,1319,54.0,1319.2,44.2,1093.0,738.6,18.0,17.9,1.7,4.1,0.6,-60.6,-6246.6
147,55,1336,54.8,1336.2,45.3,1112.4,740.2,17.9,17.8,1.5,4.1,0.5,-60.5,-6243.3
148,56,1353,55.5,1352.4,46.4,1130.9,741.7,17.6,17.6,1.4,4.2,0.5,-60.5,-6240.0
149,56,1368,56.3,1368.3,47.6,1149.0,743.1,17.2,17.2,1.2,4.3,0.5,-60.5,-6237.2
150,57,1384,57.0,1383.6,48.8,1166.4,744.2,16.7,16.7,1.0,4.3,0.4,-60.4,-6233.9
151,58,1399,57.9,1400.0,49.9,1185.3,745.1,16.1,16.1,0.8,4.4,0.4,-60.4,-6230.9
152,59,1417,58.6,1416.9,51.1,1204.7,745.8,15.4,15.4,0.6,4.5,0.4,-60.4,-6227.3
153,59,1435,59.4,1434.1,52.4,1224.6,746.2,14.8,14.8,0.4,4.5,0.3,-60.3,-6223.5
154,60,1451,60.1,1450.4,53.6,1243.5,746.5,14.1,14.1,0.2,4.6,0.3,-60.3,-6220.0
155,61,1466,61.0,1466.2,54.9,1261.9,746.5,13.5,13.5,-0.0,4.7,0.3,-60.2,-6216.8
156,62,1482,61.7,1481.7,56.2,1280.0,746.3,13.0,13.0,-0.2,4.7,0.3,-60.2,-6213.2
157,62,1497,62.5,1498.2,57.5,1299.4,745.9,12.5,12.5,-0.4,4.8,0.3,-60.2,-6209.8
158,63,1515,63.2,1514.4,58.8,1318.3,745.3,12.1,12.1,-0.6,4.9,0.2,-60.1,-6205.7
159,64,1531,64.0,1532.3,60.1,1339.3,744.5,11.6,11.6,-0.8,5.0,0.2,-60.1,-6202.2
160,65,1551,64.7,1549.6,61.5,1359.5,743.7,11.0,11.0,-1.0,5.1,0.2,-60.0,-6197.5
161,66,1567,65.5,1567.1,62.9,1380.0,742.6,10.3,10.3,-1.2,5.1,0.2,-60.0,-6193.7
162,66,1583,66.2,1581.9,64.3,1397.4,741.3,9.4,9.3,-1.4,5.2,0.2,-60.0,-6189.9
163,67,1595,67.0,1591.9,65.7,1409.5,739.8,8.3,8.1,-1.6,5.3,0.2,-59.9,-6186.9
164,68,1597,67.7,1595.7,67.1,1414.7,738.2,7.1,6.8,-1.8,5.3,0.1,-59.9,-6186.2
165,69,1595,68.5,1594.5,68.5,1414.3,736.4,5.7,5.4,-2.0,5.3,0.1,-59.9,-6186.6
166,69,1592,69.2,1591.8,69.9,1412.3,734.3,4.4,3.8,-2.2,5.3,0.1,-59.9,-6187.0
167,70,1589,69.9,1588.6,71.3,1409.9,732.1,3.3,2.3,-2.4,5.3,0.1,-59.9,-6187.4
168,71,1585,70.7,1583.3,72.7,1405.2,729.7,2.7,0.6,-2.6,5.4,0.1,-59.9,-6187.9
169,71,1576,71.4,1577.9,74.1,1400.4,727.1,3.0,-1.0,-2.8,5.4,0.1,-59.9,-6189.7
170,72,1572,72.1,1573.6,75.5,1397.1,724.2,4.0,-2.6,-3.0,5.4,0.1,-59.9,-6190.2
171,73,1572,72.9,1572.4,76.9,1397.3,721.2,5.3,-4.2,-3.2,5.4,0.1,-59.9,-6189.8
172,74,1572,73.6,1572.2,78.3,1398.7,718.0,6.7,-5.7,-3.4,5.4,0.1,-59.9,-6189.5
173,74,1572,74.3,1574.0,79.7,1402.4,714.7,8.1,-7.3,-3.6,5.4,0.1,-59.9,-6189.2
174,75,1578,75.0,1577.3,81.1,1407.9,711.1,9.7,-8.9,-3.8,5.5,0.0,-59.9,-6187.4
175,76,1582,75.8,1580.1,82.5,1413.0,707.2,11.2,-10.5,-4.0,5.5,0.0,-59.9,-6186.0
176,76,1580,76.5,1578.2,83.9,1412.9,703.2,12.8,-12.0,-4.3,5.5,0.0,-59.9,-6186.0
177,77,1572,77.2,1569.5,85.4,1405.3,699.0,14.3,-13.5,-4.5,5.5,0.0,-59.9,-6187.3
178,78,1556,77.9,1554.4,86.7,1390.5,694.6,15.7,-14.9,-4.7,5.4,0.0,-59.9,-6190.5
179,79,1535,78.6,1532.6,88.1,1368.6,689.9,16.9,-16.2,-4.9,5.4,0.0,-59.9,-6194.8
180,79,1507,79.3,1506.6,89.5,1341.9,684.9,18.1,-17.4,-5.1,5.3,0.0,-60.0,-6200.4
181,80,1478,80.0,1477.7,90.8,1312.1,679.7,19.1,-18.4,-5.3,5.2,0.0,-60.0,-6206.2
182,81,1448,80.8,1448.5,92.0,1282.0,674.3,20.1,-19.3,-5.6,5.1,0.0,-60.1,-6212.1
183,82,1419,81.4,1417.9,93.3,1250.3,668.7,21.0,-20.2,-5.8,5.1,0.0,-60.1,-6217.5
184,82,1386,82.1,1386.9,94.5,1218.2,662.8,21.8,-21.0,-6.0,5.0,0.0,-60.2,-6223.9
185,83,1355,82.8,1355.5,95.7,1185.8,656.7,22.8,-21.9,-6.2,4.9,0.0,-60.2,-6229.6
186,84,1325,83.5,1325.4,96.9,1154.8,650.4,23.8,-22.9,-6.4,4.8,0.0,-60.3,-6234.9
187,84,1296,84.2,1297.0,98.0,1126.0,643.8,24.8,-23.9,-6.6,4.7,0.0,-60.3,-6240.1
188,85,1270,84.9,1270.1,99.1,1098.8,637.0,26.0,-25.1,-6.8,4.6,0.0,-60.4,-6244.4
189,86,1244,85.5,1242.4,100.2,1070.9,629.9,27.2,-26.2,-7.0,4.5,0.0,-60.4,-6248.6
190,86,1213,86.1,1213.1,101.2,1041.1,622.6,28.3,-27.4,-7.3,nan,nan,-60.4,-6253.9
191,87,1182,86.8,1182.2,102.2,1009.7,615.0,29.4,-28.4,-7.4,nan,nan,-60.5,-6258.9
192,88,1152,87.4,1151.9,103.2,978.9,607.2,30.3,-29.3,-7.6,nan,nan,-60.5,-6263.6
193,88,1122,88.0,1122.9,104.1,949.7,599.2,31.0,-30.0,-7.8,nan,nan,-60.6,-6268.2
194,89,1095,88.6,1093.6,105.1,920.2,590.9,31.5,-30.5,-8.0,nan,nan,-60.6,-6272.2
195,89,1064,89.2,1063.4,105.9,889.7,582.5,31.9,-30.8,-8.2,nan,nan,-60.6,-6276.6
196,90,1031,89.8,1031.4,106.8,857.0,573.9,32.1,-31.0,-8.4,nan,nan,-60.7,-6281.4
197,91,999,90.4,999.6,107.6,824.5,565.2,32.3,-31.2,-8.5,nan,nan,-60.7,-6286.0
198,91,969,91.0,970.7,108.4,795.6,556.2,32.5,-31.3,-8.7,nan,nan,-60.8,-6290.0
199,92,945,91.5,942.8,109.2,767.8,547.1,32.7,-31.5,-8.8,nan,nan,-60.8,-6293.1
200,92,915,92.0,914.4,109.9,739.6,537.8,33.0,-31.7,-9.0,nan,nan,-60.8,-6296.9
201,93,884,92.6,883.2,110.6,707.8,528.3,33.2,-31.9,-9.1,nan,nan,-60.9,-6300.8
202,93,851,93.1,851.2,111.3,674.9,518.7,33.5,-32.2,-9.3,nan,nan,-60.9,-6304.9
203,94,819,93.6,819.2,112.0,641.8,509.0,33.8,-32.5,-9.4,nan,nan,-60.9,-6308.9
204,94,788,94.1,788.2,112.6,610.0,499.2,34.1,-32.7,-9.5,nan,nan,-61.0,-6312.5
205,95,758,94.6,755.7,113.1,576.0,489.3,34.1,-32.7,-9.6,nan,nan,-61.0,-6315.8
206,95,721,95.1,724.2,113.7,542.8,479.3,33.9,-32.4,-9.7,nan,nan,-61.0,-6320.1
207,96,693,95.6,690.7,114.2,506.9,469.2,33.4,-31.9,-9.8,nan,nan,-61.1,-6323.1
208,96,658,96.0,661.1,114.7,475.8,459.0,32.8,-31.2,-9.9,nan,nan,-61.1,-6326.9
209,97,632,96.5,631.5,115.1,444.3,448.7,32.1,-30.6,-9.9,nan,nan,-61.1,-6329.4
210,97,604,97.0,603.0,115.5,414.0,438.4,31.6,-30.0,-10.0,nan,nan,-61.2,-6332.1
211,98,572,97.4,573.3,115.9,381.4,428.0,31.1,-29.5,-10.1,nan,nan,-61.2,-6335.3
212,98,543,97.8,542.9,116.3,346.9,417.6,30.7,-29.0,-10.1,nan,nan,-61.2,-6338.1
213,98,513,98.2,513.7,116.6,313.3,407.1,30.1,-28.4,-10.1,nan,nan,-61.2,-6341.0
214,99,485,98.6,483.7,116.8,276.9,396.6,29.4,-27.6,-10.2,nan,nan,-61.3,-6343.6
215,99,453,99.0,454.3,117.1,239.3,386.1,28.6,-26.7,-10.2,nan,nan,-61.3,-6346.6
216,100,424,99.4,425.8,117.3,200.7,375.6,27.8,-25.8,-10.2,nan,nan,-61.3,-6349.4
217,100,400,99.8,399.5,117.4,162.5,365.0,26.9,-24.9,-10.2,nan,nan,-61.4,-6351.7
218,100,374,100.1,376.0,117.6,125.6,354.4,26.0,-23.9,-10.2,nan,nan,-61.4,-6354.3
219,101,354,100.4,355.2,117.7,88.8,343.9,25.0,-22.8,-10.2,nan,nan,-61.4,-6356.4
220,101,337,100.8,337.3,117.7,51.0,333.4,24.1,-21.8,-10.2,nan,nan,-61.4,-6358.2
221,101,321,101.1,321.7,117.7,-0.0,323.0,23.1,-20.7,-10.2,nan,nan,-61.4,-6360.7
222,102,307,101.4,308.4,117.7,-0.0,312.6,22.2,-19.7,-10.2,nan,nan,-61.4,-6360.7
223,102,298,101.7,297.4,117.7,-0.0,302.2,21.3,-18.6,-10.2,nan,nan,-61.4,-6360.7
224,102,288,102.0,288.6,117.7,-0.0,291.9,20.3,-17.6,-10.2,nan,nan,-61.4,-6360.7
225,102,281,102.2,280.7,117.7,-0.0,281.6,19.5,-16.6,-10.2,nan,nan,-61.4,-6360.7
226,103,274,102.5,273.9,117.7,-37.4,271.3,18.6,-15.6,-10.1,nan,nan,-61.4,-6358.9
227,103,267,102.8,267.3,117.6,-57.3,261.1,17.7,-14.5,-10.1,nan,nan,-61.4,-6357.9
228,103,261,103.0,260.3,117.5,-69.1,250.9,16.7,-13.4,-10.1,nan,nan,-61.4,-6357.1
229,103,253,103.2,252.4,117.5,-75.6,240.8,15.8,-12.2,-10.0,nan,nan,-61.4,-6356.8
230,104,244,103.4,243.5,117.4,-77.7,230.8,14.9,-11.0,-10.0,nan,nan,-61.4,-6356.7
231,104,234,103.7,234.2,117.3,-77.9,220.8,14.0,-9.8,-9.9,nan,nan,-61.4,-6356.7
232,104,225,103.9,225.1,117.2,-78.6,210.9,13.1,-8.6,-9.9,nan,nan,-61.4,-6356.8
233,104,216,104.1,216.4,117.2,-80.0,201.1,12.3,-7.4,-9.9,nan,nan,-61.4,-6356.6
234,104,208,104.3,208.1,117.1,-82.2,191.2,11.6,-6.2,-9.8,nan,nan,-61.4,-6356.5
235,105,200,104.5,199.6,117.0,-83.3,181.4,11.0,-5.0,-9.8,nan,nan,-61.4,-6356.4
236,105,191,104.7,191.0,116.9,-83.8,171.7,10.5,-4.1,-9.7,nan,nan,-61.4,-6356.4
237,105,182,104.8,182.4,116.8,-84.0,161.9,10.3,-3.4,-9.7,nan,nan,-61.4,-6356.4
238,105,174,105.0,174.3,116.7,-84.7,152.3,10.1,-2.9,-9.6,nan,nan,-61.4,-6356.4
239,105,166,105.1,166.4,116.7,-85.5,142.7,10.0,-2.7,-9.6,nan,nan,-61.4,-6356.3
240,105,159,105.2,158.6,116.6,-86.1,133.2,9.8,-2.4,-9.6,nan,nan,-61.4,-6356.3
241,106,151,105.3,150.6,116.5,-86.0,123.7,9.7,-2.0,-9.5,nan,nan,-61.4,-6356.3
242,106,142,105.4,143.0,116.4,-85.9,114.3,9.6,-1.5,-9.5,nan,nan,-61.4,-6356.3
243,106,136,105.5,135.5,116.3,-85.7,104.9,9.5,-1.0,-9.4,nan,nan,-61.4,-6356.3
244,106,128,105.6,128.5,116.2,-85.9,95.6,9.4,-0.7,-9.4,nan,nan,-61.4,-6356.3
245,106,122,105.7,121.6,116.1,-85.6,86.4,9.4,-0.5,-9.4,nan,nan,-61.4,-6356.3
246,106,115,105.8,114.8,116.1,-85.1,77.1,9.4,-0.4,-9.4,nan,nan,-61.4,-6356.3
247,106,108,105.8,108.6,116.0,-84.8,67.8,9.3,-0.4,-9.3,nan,nan,-61.4,-6356.4
248,106,103,105.9,103.1,115.9,-84.7,58.7,9.3,-0.4,-9.3,nan,nan,-61.4,-6356.4
249,106,98,105.9,98.4,115.8,-85.1,49.5,9.3,-0.4,-9.3,nan,nan,-61.4,-6356.4
250,106,94,106.0,94.3,115.7,-85.2,40.4,9.3,-0.4,-9.3,nan,nan,-61.4,-6356.3
251,106,91,106.0,90.9,115.6,-85.4,31.3,9.3,-0.3,-9.3,nan,nan,-61.4,-6356.3
252,106,88,106.0,88.2,115.5,-85.4,22.2,9.2,-0.3,-9.2,nan,nan,-61.4,-6356.3
253,106,86,106.0,86.6,115.5,-85.6,13.1,9.2,-0.4,-9.2,nan,nan,-61.4,-6356.3
254,106,86,106.0,85.8,115.4,-85.7,4.1,9.2,-0.4,-9.2,nan,nan,-61.4,-6356.3
255,106,86,106.0,86.1,115.3,-86.0,-5.0,9.2,-0.4,-9.2,nan,nan,-61.4,-6356.3
256,106,87,106.0,87.5,115.2,-86.4,-14.1,9.2,-0.4,-9.2,nan,nan,-61.4,-6356.3
257,106,90,106.0,89.8,115.1,-86.8,-23.1,9.2,-0.4,-9.2,nan,nan,-61.4,-6356.2
258,106,93,106.0,93.2,115.0,-87.5,-32.2,9.2,-0.4,-9.2,nan,nan,-61.4,-6356.2
259,106,97,105.9,97.1,114.9,-87.9,-41.3,9.2,-0.4,-9.2,nan,nan,-61.4,-6356.2
260,106,101,105.9,101.8,114.8,-88.4,-50.4,9.2,-0.4,-9.2,nan,nan,-61.4,-6356.2
261,106,107,105.8,107.3,114.8,-89.3,-59.6,9.2,-0.5,-9.2,nan,nan,-61.4,-6356.1
262,106,114,105.8,114.0,114.7,-90.9,-68.7,9.2,-0.5,-9.2,nan,nan,-61.4,-6356.0
263,106,121,105.7,120.6,114.6,-92.1,-77.9,9.2,-0.5,-9.2,nan,nan,-61.4,-6355.9
264,106,127,105.6,126.7,114.5,-91.9,-87.1,9.2,-0.5,-9.2,nan,nan,-61.4,-6356.0
265,106,132,105.5,133.1,114.4,-91.7,-96.4,9.3,-0.5,-9.2,nan,nan,-61.4,-6356.1
266,106,141,105.4,140.6,114.3,-92.8,-105.6,9.3,-0.5,-9.3,nan,nan,-61.4,-6355.9
267,106,149,105.3,148.6,114.2,-94.4,-114.8,9.3,-0.5,-9.3,nan,nan,-61.4,-6355.8
268,105,156,105.2,156.7,114.1,-95.7,-124.0,9.3,-0.6,-9.3,nan,nan,-61.4,-6355.8
269,105,165,105.1,164.4,114.0,-96.1,-133.3,9.3,-0.6,-9.3,nan,nan,-61.4,-6355.7
270,105,172,105.0,172.3,113.9,-96.7,-142.7,9.3,-0.6,-9.3,nan,nan,-61.4,-6355.7
271,105,180,104.8,180.0,113.8,-96.5,-152.0,9.3,-0.6,-9.3,nan,nan,-61.4,-6355.7
272,105,188,104.7,188.1,113.7,-96.8,-161.3,9.4,-0.6,-9.3,nan,nan,-61.4,-6355.7
273,105,197,104.5,196.5,113.6,-97.1,-170.8,9.4,-0.5,-9.4,nan,nan,-61.4,-6355.6
274,104,205,104.3,205.4,113.5,-98.4,-180.3,9.4,-0.5,-9.4,nan,nan,-61.4,-6355.6
275,104,214,104.1,214.3,113.4,-99.5,-189.7,9.4,-0.5,-9.4,nan,nan,-61.4,-6355.5
276,104,223,103.9,223.1,113.3,-100.4,-199.2,9.4,-0.5,-9.4,nan,nan,-61.4,-6355.4
277,104,231,103.6,231.4,113.2,-100.2,-208.6,9.4,-0.5,-9.4,nan,nan,-61.4,-6355.5
278,104,239,103.4,239.9,113.1,-100.3,-217.9,9.4,-0.5,-9.4,nan,nan,-61.4,-6355.6
279,103,249,103.2,248.4,113.0,-100.2,-227.3,9.4,-0.5,-9.4,nan,nan,-61.4,-6355.4
280,103,257,103.0,257.1,112.9,-100.2,-236.8,9.5,-0.4,-9.4,nan,nan,-61.4,-6355.5
281,103,266,102.7,265.6,112.8,-99.6,-246.3,9.5,-0.4,-9.5,nan,nan,-61.4,-6355.5
282,103,274,102.5,274.6,112.7,-100.1,-255.7,9.5,-0.4,-9.5,nan,nan,-61.4,-6355.5
283,102,284,102.2,284.2,112.6,-102.0,-265.2,9.5,-0.3,-9.5,nan,nan,-61.4,-6355.4
284,102,294,101.9,293.9,112.5,-104.3,-274.8,9.5,-0.2,-9.5,nan,nan,-61.4,-6355.2
285,102,304,101.6,303.8,112.4,-107.1,-284.3,9.5,-0.2,-9.5,nan,nan,-61.4,-6355.1
286,101,314,101.3,312.9,112.3,-107.5,-293.8,9.5,-0.2,-9.5,nan,nan,-61.4,-6355.0
287,101,321,101.0,321.5,112.2,-106.4,-303.4,9.5,-0.1,-9.5,nan,nan,-61.4,-6355.2
288,101,329,100.7,329.7,112.1,-104.0,-312.9,9.5,-0.1,-9.5,nan,nan,-61.4,-6355.3
289,101,338,100.4,338.3,112.0,-102.5,-322.4,9.5,-0.1,-9.5,nan,nan,-61.4,-6355.4
290,100,347,100.0,347.3,111.9,-102.2,-332.0,9.5,-0.1,-9.5,nan,nan,-61.4,-6355.4
291,100,356,99.7,356.6,111.8,-102.6,-341.5,9.5,-0.1,-9.5,nan,nan,-61.4,-6355.4
292,100,366,99.4,366.1,111.7,-103.8,-351.1,9.5,-0.1,-9.5,nan,nan,-61.4,-6355.3
293,99,376,99.0,375.6,111.6,-105.2,-360.6,9.5,-0.1,-9.5,nan,nan,-61.4,-6355.2
294,99,385,98.7,384.9,111.5,-105.6,-370.1,9.5,-0.1,-9.5,nan,nan,-61.4,-6355.2
295,98,394,98.3,394.1,111.4,-105.5,-379.7,9.5,-0.2,-9.5,nan,nan,-61.4,-6355.3
296,98,403,97.9,403.5,111.3,-106.3,-389.3,9.5,-0.2,-9.5,nan,nan,-61.4,-6355.2
297,98,413,97.5,412.8,111.2,-106.3,-398.8,9.5,-0.2,-9.5,nan,nan,-61.4,-6355.0
298,97,422,97.1,421.7,111.0,-104.8,-408.4,9.5,-0.2,-9.5,nan,nan,-61.4,-6355.3
299,97,430,96.7,430.5,110.9,-102.5,-418.1,9.5,-0.1,-9.5,nan,nan,-61.4,-6355.5
300,96,440,96.3,439.7,110.8,-102.2,-427.7,9.5,0.0,-9.5,nan,nan,-61.4,-6355.4
301,96,449,95.9,449.0,110.7,-102.0,-437.3,9.5,0.1,-9.5,nan,nan,-61.4,-6355.3
302,96,458,95.4,458.1,110.6,-101.3,-446.8,9.5,0.1,-9.5,nan,nan,-61.4,-6355.6
303,95,467,94.9,467.1,110.5,-100.0,-456.3,9.5,0.0,-9.5,nan,nan,-61.4,-6355.5
304,95,476,94.4,476.5,110.4,-100.5,-465.8,9.5,-0.1,-9.5,nan,nan,-61.4,-6355.5
305,94,486,94.0,485.9,110.3,-101.3,-475.2,9.5,-0.2,-9.5,nan,nan,-61.4,-6355.5
306,94,496,93.5,495.7,110.2,-104.0,-484.7,9.5,-0.2,-9.5,nan,nan,-61.4,-6355.4
307,93,506,93.0,505.2,110.1,-104.7,-494.2,9.5,-0.3,-9.5,nan,nan,-61.4,-6355.1
308,93,514,92.5,514.4,110.0,-104.0,-503.7,9.5,-0.4,-9.5,nan,nan,-61.4,-6355.4
309,92,523,92.0,523.3,109.9,-102.2,-513.3,9.5,-0.4,-9.5,nan,nan,-61.4,-6355.5
310,92,533,91.4,533.0,109.8,-103.8,-522.8,9.5,-0.4,-9.5,nan,nan,-61.4,-6355.4
311,91,543,90.9,542.8,109.7,-106.5,-532.2,9.5,-0.5,-9.5,nan,nan,-61.4,-6355.1
312,90,552,90.4,552.5,109.6,-108.7,-541.7,9.5,-0.5,-9.5,nan,nan,-61.4,-6355.1
313,90,562,89.8,561.9,109.5,-109.0,-551.2,9.5,-0.5,-9.5,nan,nan,-61.4,-6355.0
314,89,571,89.2,571.0,109.4,-108.3,-560.7,9.5,-0.6,-9.5,nan,nan,-61.4,-6355.1
315,89,580,88.7,579.6,109.3,-104.7,-570.1,9.5,-0.6,-9.5,nan,nan,-61.4,-6355.2
316,88,588,88.1,588.3,109.2,-101.6,-579.5,9.5,-0.6,-9.5,nan,nan,-61.4,-6355.7
317,88,597,87.5,597.4,109.1,-100.7,-588.9,9.5,-0.6,-9.5,nan,nan,-61.4,-6355.6
318,87,607,86.9,607.1,109.0,-103.6,-598.2,9.5,-0.6,-9.5,nan,nan,-61.4,-6355.3
319,86,617,86.3,616.8,108.9,-105.7,-607.6,9.5,-0.7,-9.5,nan,nan,-61.4,-6355.2
320,86,626,85.7,626.3,108.8,-107.2,-617.1,9.5,-0.7,-9.5,2.3,0.0,-61.4,-6355.2
321,85,636,85.0,635.7,108.7,-108.3,-626.4,9.5,-0.7,-9.5,2.3,0.0,-61.4,-6355.1
322,85,645,84.4,645.4,108.5,-110.6,-635.8,9.5,-0.7,-9.5,2.3,0.0,-61.4,-6355.0
323,84,655,83.8,655.2,108.4,-113.9,-645.2,9.5,-0.7,-9.5,2.4,0.0,-61.4,-6354.9
324,83,665,83.1,665.0,108.3,-116.8,-654.7,9.5,-0.7,-9.5,2.4,0.0,-61.4,-6354.5
325,83,675,82.4,674.8,108.2,-119.7,-664.1,9.5,-0.6,-9.5,2.4,0.0,-61.4,-6354.5
326,82,684,81.8,684.2,108.1,-120.2,-673.5,9.5,-0.6,-9.5,2.4,0.0,-61.4,-6354.3
327,81,693,81.1,693.4,108.0,-119.9,-683.0,9.5,-0.6,-9.5,2.5,0.0,-61.4,-6354.5
328,81,702,80.4,702.9,107.8,-120.6,-692.4,9.5,-0.7,-9.5,2.5,0.0,-61.4,-6354.5
329,80,713,79.7,712.5,107.7,-122.5,-701.9,9.5,-0.8,-9.5,2.5,0.0,-61.4,-6354.2
330,79,722,79.0,722.0,107.6,-123.8,-711.3,9.5,-0.9,-9.5,2.5,0.0,-61.4,-6354.2
331,78,731,78.3,730.9,107.5,-121.0,-720.8,9.5,-1.0,-9.5,2.6,0.0,-61.4,-6354.3
332,78,739,77.6,740.1,107.3,-119.6,-730.4,9.5,-1.0,-9.5,2.6,0.0,-61.4,-6354.7
333,77,750,76.8,749.4,107.2,-118.7,-739.9,9.5,-1.1,-9.5,2.6,0.0,-61.4,-6354.4
334,76,759,76.0,759.2,107.1,-121.5,-749.4,9.5,-1.1,-9.5,2.6,0.0,-61.4,-6354.5
335,75,769,75.3,768.6,107.0,-122.1,-758.9,9.5,-1.0,-9.5,2.7,0.0,-61.4,-6354.3
336,75,778,74.5,778.2,106.9,-123.6,-768.4,9.5,-1.0,-9.5,2.7,0.0,-61.4,-6354.3
337,74,788,73.8,787.6,106.7,-123.1,-777.9,9.5,-0.9,-9.5,2.7,0.0,-61.4,-6354.2
338,73,797,73.0,797.4,106.6,-125.4,-787.5,9.5,-0.8,-9.5,2.7,0.0,-61.4,-6354.3
339,72,808,72.2,806.9,106.5,-125.9,-797.1,9.5,-0.8,-9.5,2.8,0.0,-61.4,-6353.9
340,72,816,71.4,816.2,106.4,-124.8,-806.6,9.5,-0.8,-9.5,2.8,0.0,-61.4,-6354.1
341,71,825,70.6,825.4,106.2,-123.2,-816.1,9.5,-0.9,-9.5,2.8,0.0,-61.4,-6354.6
342,70,835,69.8,834.7,106.1,-122.5,-825.7,9.5,-1.1,-9.4,2.8,0.0,-61.4,-6354.2
343,69,844,68.9,844.7,106.0,-126.3,-835.2,9.5,-1.3,-9.4,2.8,0.0,-61.4,-6354.3
344,68,855,68.0,854.5,105.9,-129.1,-844.7,9.5,-1.5,-9.4,2.8,0.0,-61.4,-6353.9
345,67,864,67.2,864.5,105.7,-133.1,-854.2,9.5,-1.8,-9.3,2.9,0.0,-61.4,-6353.8
346,67,874,66.4,874.3,105.6,-135.0,-863.8,9.5,-2.1,-9.3,2.9,0.1,-61.4,-6353.6
347,66,884,65.5,883.9,105.5,-136.1,-873.3,9.6,-2.4,-9.3,2.9,0.1,-61.4,-6353.6
348,65,893,64.6,893.1,105.3,-134.9,-882.9,9.6,-2.8,-9.2,2.9,0.1,-61.4,-6353.6
349,64,902,63.7,902.7,105.2,-136.1,-892.4,9.6,-3.1,-9.1,2.9,0.1,-61.4,-6353.8
350,63,912,62.8,912.3,105.0,-138.2,-901.8,9.7,-3.4,-9.0,2.9,0.1,-61.4,-6353.4
351,62,922,61.9,921.8,104.9,-139.0,-911.2,9.7,-3.8,-8.9,3.0,0.1,-61.4,-6353.2
352,61,931,61.0,931.0,104.8,-138.7,-920.6,9.8,-4.2,-8.8,3.0,0.1,-61.4,-6353.6
353,60,940,60.0,940.0,104.6,-136.7,-930.0,9.9,-4.7,-8.7,3.0,0.1,-61.4,-6353.4
354,59,949,59.0,949.2,104.5,-136.7,-939.3,10.0,-5.3,-8.6,3.0,0.2,-61.4,-6353.6
355,59,958,58.1,958.2,104.4,-136.5,-948.5,10.2,-5.9,-8.4,3.0,0.2,-61.4,-6353.7
356,58,968,57.1,968.0,104.2,-141.4,-957.6,10.4,-6.5,-8.2,3.0,0.2,-61.4,-6353.5
357,56,978,56.1,978.0,104.1,-148.9,-966.6,10.7,-7.1,-8.0,3.0,0.2,-61.4,-6352.7
358,55,988,55.1,988.1,103.9,-158.4,-975.4,10.9,-7.7,-7.8,3.1,0.3,-61.4,-6352.3
359,54,998,54.1,997.7,103.7,-164.7,-984.0,11.2,-8.3,-7.5,3.1,0.3,-61.4,-6351.7
360,53,1007,53.1,1007.0,103.6,-170.6,-992.5,11.5,-9.0,-7.3,3.1,0.4,-61.4,-6351.5
361,53,1016,52.1,1016.5,103.4,-178.2,-1000.7,11.9,-9.6,-6.9,3.1,0.4,-61.4,-6351.2
362,51,1026,51.1,1026.4,103.2,-189.4,-1008.8,12.3,-10.3,-6.6,3.1,0.5,-61.4,-6350.3
363,50,1037,50.1,1036.3,103.0,-201.5,-1016.5,12.7,-11.0,-6.3,3.1,0.5,-61.4,-6349.4
364,49,1046,49.1,1046.0,102.8,-213.4,-1024.0,13.1,-11.7,-5.9,3.2,0.6,-61.3,-6348.8
365,48,1056,48.1,1054.9,102.6,-222.2,-1031.2,13.6,-12.4,-5.4,3.2,0.7,-61.3,-6347.9
366,47,1063,47.0,1063.4,102.3,-230.8,-1038.1,14.0,-13.1,-5.0,3.2,0.8,-61.3,-6347.5
367,46,1071,45.9,1072.0,102.1,-241.8,-1044.4,14.5,-13.8,-4.5,3.3,1.0,-61.3,-6346.9
368,45,1081,44.9,1081.6,101.8,-258.4,-1050.3,14.9,-14.4,-4.0,3.3,1.2,-61.3,-6345.6
369,44,1092,43.8,1091.8,101.6,-278.7,-1055.6,15.4,-15.0,-3.4,3.4,1.4,-61.3,-6344.0
370,43,1102,42.8,1101.5,101.3,-297.9,-1060.4,15.7,-15.4,-2.8,3.4,1.6,-61.3,-6342.5
371,42,1111,41.7,1110.6,100.9,-315.8,-1064.7,15.9,-15.7,-2.2,3.5,1.9,-61.3,-6341.2
372,41,1119,40.5,1118.9,100.6,-332.5,-1068.4,15.9,-15.9,-1.6,3.5,2.3,-61.3,-6339.8
373,40,1127,39.4,1127.5,100.3,-351.7,-1071.2,15.8,-15.8,-0.9,3.6,2.8,-61.3,-6338.5
374,39,1136,38.3,1136.5,99.9,-373.4,-1073.4,15.5,-15.5,-0.2,3.6,3.3,-61.3,-6336.6
375,37,1146,37.2,1145.9,99.5,-397.4,-1074.8,15.0,-15.0,0.5,3.7,4.0,-61.3,-6334.4
376,36,1155,36.1,1154.8,99.1,-420.9,-1075.4,14.3,-14.2,1.2,3.7,4.8,-61.3,-6332.3
377,35,1163,35.0,1163.0,98.6,-443.5,-1075.1,13.4,-13.2,2.0,3.8,5.8,-61.3,-6330.3
378,34,1171,33.8,1170.8,98.2,-466.5,-1073.9,12.2,-11.9,2.7,3.8,7.0,-61.2,-6328.3
379,33,1179,32.7,1178.2,97.7,-489.4,-1071.8,10.8,-10.3,3.4,3.9,8.5,-61.2,-6325.9
380,32,1185,31.5,1185.0,97.2,-511.9,-1068.7,9.1,-8.1,4.1,3.9,10.3,-61.2,-6323.8
381,30,1191,30.3,1190.8,96.6,-533.6,-1064.6,7.3,-5.5,4.8,3.9,12.5,-61.2,-6321.7
382,29,1196,29.1,1196.1,96.1,-555.3,-1059.4,5.9,-2.1,5.5,4.0,15.1,-61.2,-6319.4
383,28,1201,27.9,1200.6,95.5,-576.4,-1053.1,6.4,1.5,6.2,4.0,18.3,-61.2,-6317.1
384,27,1204,26.7,1203.6,94.9,-595.7,-1045.8,8.3,4.7,6.8,4.0,22.2,-61.2,-6315.1
385,25,1206,25.5,1205.0,94.3,-612.8,-1037.5,10.5,7.4,7.5,4.0,26.8,-61.2,-6313.2
386,25,1205,24.4,1204.6,93.7,-627.6,-1028.2,12.4,9.4,8.0,4.0,32.1,-61.2,-6311.6
387,23,1203,23.2,1202.2,93.0,-639.6,-1018.0,13.6,10.5,8.6,4.0,38.3,-61.2,-6310.2
388,22,1198,22.1,1197.2,92.4,-647.9,-1006.8,14.4,11.1,9.1,4.0,45.5,-61.2,-6309.3
389,21,1190,21.0,1187.5,91.7,-649.0,-994.5,15.2,11.8,9.7,4.0,53.8,-61.3,-6308.8
390,19,1174,19.8,1173.5,91.1,-644.4,-980.8,16.2,12.5,10.3,4.0,63.1,-61.3,-6309.9
391,18,1156,18.7,1155.6,90.4,-634.0,-966.1,17.2,13.2,11.1,3.9,72.6,-61.3,-6311.0
392,17,1136,17.7,1133.6,89.8,-616.7,-951.2,18.4,13.9,12.0,3.8,82.4,-61.4,-6312.5
393,16,1108,16.6,1107.6,89.2,-591.9,-936.2,19.5,14.7,12.9,3.8,92.7,-61.4,-6315.7
394,15,1078,15.6,1077.6,88.7,-559.2,-921.2,20.7,15.4,13.9,3.7,102.6,-61.5,-6319.1
395,14,1046,14.6,1041.8,88.2,-514.0,-906.1,21.9,16.1,14.8,3.5,112.2,-61.5,-6323.0
396,13,1001,13.7,1001.6,87.7,-457.1,-891.2,23.0,16.8,15.6,3.4,120.4,-61.6,-6329.6
397,12,958,12.7,954.7,87.3,-378.8,-876.3,24.1,17.5,16.4,3.2,127.1,-61.7,-6335.7
398,11,906,11.8,907.1,87.0,-283.5,-861.7,25.0,18.2,17.2,3.1,132.2,-61.8,-6344.3
399,10,858,11.0,859.4,86.9,-143.9,-847.2,26.0,18.8,17.9,2.9,135.5,-61.9,-6354.0
400,9,814,10.1,814.5,86.9,-0.0,-833.0,26.8,19.4,18.5,2.7,135.6,-62.0,-6361.0
401,9,771,9.3,771.4,86.9,-0.0,-819.0,27.6,19.9,19.1,2.6,133.5,-62.0,-6361.0
402,8,728,8.6,729.5,86.9,-0.0,-805.3,28.2,20.3,19.6,2.4,130.8,-62.1,-6361.0
403,7,689,7.9,689.0,86.9,-0.0,-792.1,28.8,20.7,20.0,2.2,126.9,-62.1,-6361.0
404,7,650,7.2,648.3,86.9,-0.0,-779.3,29.4,21.2,20.4,2.1,121.3,-62.1,-6361.0
405,6,606,6.5,608.5,86.9,-0.0,-766.9,29.9,21.5,20.7,1.9,115.3,-62.1,-6361.0
406,5,569,5.9,568.3,86.9,-0.0,-755.1,30.2,21.8,20.9,1.8,107.7,-62.1,-6361.0
407,5,529,5.3,533.7,86.9,-0.0,-721.8,30.5,22.0,21.0,1.7,101.2,-62.2,-6361.0
408,4,502,4.8,501.0,86.9,-0.0,-689.0,30.6,22.2,21.1,1.6,94.8,-62.2,-6361.0
409,4,471,4.2,473.0,86.9,-0.0,-656.9,30.6,22.2,21.1,1.5,89.4,-62.2,-6361.0
410,3,445,3.8,445.7,86.9,-0.0,-625.4,30.6,22.2,21.1,1.4,83.5,-62.2,-6361.0
411,3,421,3.3,422.4,86.9,-0.0,-594.7,30.6,22.2,21.1,1.3,78.7,-62.3,-6361.0
412,2,401,2.8,402.7,86.9,-0.0,-564.8,30.6,22.2,21.1,1.2,75.1,-62.3,-6361.0
413,2,386,2.3,386.2,86.9,-0.0,-535.7,30.6,22.2,21.1,1.2,72.5,-62.3,-6361.0
414,2,371,1.9,372.7,86.9,-0.0,-507.3,30.6,22.2,21.1,1.1,70.8,-62.3,-6361.0
415,1,361,1.4,360.5,86.9,-0.0,-479.7,30.6,22.2,21.1,1.1,69.4,-62.3,-6361.0
416,1,349,0.9,348.2,86.9,-0.0,-452.8,30.6,22.2,21.1,1.0,67.9,-62.4,-6361.0
417,1,335,0.5,335.4,86.9,-0.0,-426.7,30.6,22.2,21.1,1.0,65.9,-62.4,-6361.0
418,0,322,0.0,322.5,86.9,-0.0,-401.4,30.6,22.2,21.1,0.9,63.7,-62.4,-6361.0
419,0,311,0.0,313.8,86.9,-0.0,-377.0,30.6,22.2,21.1,0.9,60.3,-62.4,-6361.0
420,0,309,0.0,307.0,86.9,-0.0,-353.9,30.6,22.2,21.1,0.9,57.7,-62.4,-6361.0
